{
  "baseline_r2": 0.9948609791719861,
  "reduced_r2": 0.9590118520093186,
  "r2_drop": 0.03584912716266753,
  "r2_retention": 96.39656917768507,
  "consensus_top10": [
    "Cell current (A)_squared",
    "Temperature_Voltage_Interaction",
    "Cell current (A)",
    "Theoretical_H2_Production",
    "Current_Density",
    "Power_Density",
    "Anode area (mm2)",
    "Water_Utilization",
    "Cathode area (mm2)",
    "Temperature_Current_Interaction"
  ],
  "drop_importance": {
    "Cathode area (mm2)": 0.001552450837122188,
    "Anode area (mm2)": 0.0055591524378367785,
    "Cell voltage (V)": 3.2224881762576985e-05,
    "Cell current (A)": 0.0052350530205117485,
    "Power (w)": -0.00026960475999859845,
    "Water flow rate (mL/min)": -0.0034492332516505853,
    "Temperature (K)": -0.0016593164256915038,
    "Power_Density": 0.11711090092307996,
    "Current_Density": 0.057309698884631555,
    "Temperature_Power_Interaction": -0.0024236885982116263,
    "Temperature_Current_Interaction": -0.0007831754846158168,
    "Temperature_Voltage_Interaction": 4.237950976127608,
    "Temperature_WaterFlow_Interaction": 0.0341862329954723,
    "Theoretical_H2_Production": 0.012415404494506732,
    "Water_Utilization": 0.0013997474994601466,
    "Water_Excess_mol": 0.011730511699613033,
    "Cell voltage (V)_squared": 0.007894968431795824,
    "Cell current (A)_squared": 0.036249229141676276,
    "Temperature (K)_squared": 0.027321732809854615
  },
  "perm_importance": {
    "Cathode area (mm2)": 0.026029080014926764,
    "Anode area (mm2)": 0.023044805763028475,
    "Cell voltage (V)": 0.0014018447096096898,
    "Cell current (A)": 50.19946197072736,
    "Power (w)": 0.007797957712387893,
    "Water flow rate (mL/min)": 0.008036560731424114,
    "Temperature (K)": 0.004890775212852194,
    "Power_Density": 0.011459844140819131,
    "Current_Density": 0.07524880131978251,
    "Temperature_Power_Interaction": 0.010455780624521016,
    "Temperature_Current_Interaction": 26.38471166189215,
    "Temperature_Voltage_Interaction": 1.4024857573821081,
    "Temperature_WaterFlow_Interaction": 0.005183790558402679,
    "Theoretical_H2_Production": 0.02471466010179879,
    "Water_Utilization": 0.02407911350261671,
    "Water_Excess_mol": 4.116920102004151e-05,
    "Cell voltage (V)_squared": 0.0013749871090481536,
    "Cell current (A)_squared": 0.02234177611199395,
    "Temperature (K)_squared": 0.004731111139553046
  },
  "shap_importance": {
    "Cathode area (mm2)": 2.877943710746193,
    "Anode area (mm2)": 8.392570638310563,
    "Cell voltage (V)": 0.7237693487034451,
    "Cell current (A)": 589.2392967719028,
    "Power (w)": 1.196503058707998,
    "Water flow rate (mL/min)": 1.1714463999476001,
    "Temperature (K)": 1.738315793354006,
    "Power_Density": 1.779944509112929,
    "Current_Density": 7.911415079925582,
    "Temperature_Power_Interaction": 1.9132761691348323,
    "Temperature_Current_Interaction": 443.26118228719173,
    "Temperature_Voltage_Interaction": 77.69344681269358,
    "Temperature_WaterFlow_Interaction": 0.4360928144450506,
    "Theoretical_H2_Production": 7.937761176148397,
    "Water_Utilization": 10.004253684402169,
    "Water_Excess_mol": 0.4238445198542087,
    "Cell voltage (V)_squared": 0.4165631464324472,
    "Cell current (A)_squared": 6.917129298142816,
    "Temperature (K)_squared": 1.7113401962164885
  }
}