{
  "full_dataset": {
    "rmse": 9.108601995695063,
    "mae": 4.694603704410391,
    "r2": 0.9994962936270708
  },
  "out_of_fold": {
    "rmse": 37.85961371711471,
    "mae": 8.016380254187771,
    "r2": 0.9912978542867998
  }
}